name;address;type;lat;lon
Лефортовская тюрьма;Лефортовский Вал, 5;Место заключения;55.76133;37.70593
Бутырская тюрьма;Новослободская улица, 45;Место заключения;55.784522;37.594012
Таганская тюрьма;улица Малые Каменщики, 16-18, снесена в 1958 г.;Место заключения;55.735985;37.653866
Сущевский арестный дом;Селезневская улица, 11;Место заключения;55.78068;37.604627
Новинская женская тюрьма (до 1947);Новинский пер.;Место заключения;55.75356;37.57689
Сокольническая тюрьма («Матросская тишина») или тюрьма № 14 Управления МВД по Моск;Матросская Тишина, 18;Место заключения;55.791893;37.697624
Сухановская особорежимная тюрьма;Видное-2, Петровский пр-д;Место заключения;55.53635;37.66581
Краснопресненская пересыльная тюрьма;1-й Силикатный проезд, 11;Место заключения;55.765304;37.514448
Арбатский арестный дом/Кабинет и клиника по изучению личности преступника и преступности (1917-1924);столовый переулок 7;Место заключения;55.75659;37.594229
Басманнный арестный дом (1917-1924);Новая Басманная 29  строение 3;Место заключения;55.769966;37.665074
Лефортовский арестный дом (1917-1924);Кирочный пер. 13;Место заключения;55.76911;37.684617
Мясницкий арестный дом;Уг.Хитрового и М. Трехсвятительского пер;Место заключения;55.753892;37.645519
Якиманский арестный дом (1917-1924);Житная ул.Казанский пер.;Место заключения;55.730344;37.615493
Пресненский арестный дом;Баррикандная дом4 строение3;Место заключения;55.760112;37.58207
Городской арестный дом (1917-1924);кривой перулок 10;Место заключения;55.751249;37.631463
Сретенская тюрьма;3-й знаменский 8;Место заключения;55.76932;37.618026
2-я Московская тюремная больница;ул. Баумана 10/12;Место заключения;55.765645;37.679782
Туполевская шарага (ЦКБ-29) (1939-1941);ул.Радио, 24;Место заключения;55.764063;37.678063
"Завод ""Компрессор"" (ОТБ-8 )";2-я ул. Энтузиастов, д. 5;Место заключения;55.750186;37.729105
"Завод ""Красный богатырь"" (ОТБ-10)";"Краснобогатырская ул., 2;";Место заключения;55.815417;37.690994
Экспериментальная ТЭЦ ВТИ (ОТБ-11);Ленинская слобода, 23;Место заключения;55.705533;37.648674
Московская городская электростанция (ОТБ-12);Раушская набережная, 10-12б 1936 г.;Место заключения;55.748112;37.630707
Марфинская шарашка;Ботаническая ул., 25;Место заключения;55.831071;37.596496
ОКБ в ЭКУ ОГПУ (Военная коллегия);ул.Никольская, 23 (1931-3934);Место заключения;55.758953;37.62436
ЦКБ-39 ОГПУ имени В. Р. Менжинского (1930-1931);Ленинградский пр-кт, 45/5, ангар №7 опытного завода №39;Место заключения;55.797626;37.532229
«Кучинская шарашка»;Железнодорожный, ул. Гидрогородок, 3а;Место заключения;55.755225;37.968462
НИИ-  160;НИИ-160г. Фрязино, ул. Вокзальная, 2а.;Место заключения;55.965594;38.048716
Коломенский завод;Коломна, ул. Партизан, 42;Место заключения;55.089768;38.802368
Тушинский машиностроительный завод (ОТБ-82);Свободы, 35;Место заключения;55.83922;37.451188
Болшевская шарашка;г. Королёв, пр. Королёва 3а, 3б, 3в;Место заключения;55.922079;37.837908
Завод Динамо;Ленинская слобода, 26;Место заключения;55.709939;37.653167
ОТБ НКВД в Научно-исследовательском институте № 6 (НИИ-6) середин 30-х годов;Нагатинская, 16а;Место заключения;55.675754;37.647708
ЦКБ-39 (декабрь 1929-1930), ОТБ-8, ОТБ-10, ОТБ-11 (БПК Рамзина), ОТБ-12,;Новослободская улица, 45;Место заключения;55.784522;37.594012
Завод опытных конструкций №156 (ЦКБ-29) 1939-1941;наб. Туполева, 17;Место заключения;55.761175;37.676828
Ольгинский завод;Шоссе Энтузиастов, 23;Место заключения;55.755176;37.727226
Ивановский лагерь особого назначения (с 1919)/Концлагерь и Исправительно-трудовой дом (1921-1922);Малый Ивановский переулок, 2;Место заключения;55.754599;37.639966
Рождественский концлагерь (открыт 1 июня 1920);улица Рождественка, 20;Место заключения;55.76571;37.62445
Андрониковский (Андроньевский) концлагерь / Особый концентрационный лагерь в Спа;Андроньевская площадь, 10;Место заключения;55.74901;37.67057
Знаменский лагерь принудработ (открыт не позднее февр. 1921);улица Варварка, 8;Место заключения;55.752582;37.628641
Новоспасский концлагерь (открыт в сентябре 1918);Крестьянская площадь, 10;Место заключения;55.73183;37.65659
Семеновский лагерь принудработ (не позднее 1921);Таганская улица, 58;Место заключения;55.7387;37.67104
Лагерь принудработ № 1 при Московско-Казанской железной дороге (не позднее 5 июня 1920);2-й Краснопрудный пер., 1 (сейчас - промзона у Давыдовско;Место заключения;55.776462;37.661961
Брестская центральная концентрационная больница (просуществовала до мая 1922);улица Пресненский Вал, 29 (ранее - Камер-Коллежский вал);Место заключения;55.772476;37.572193
Пречистенская тюремная психиатрическая больница;Кропоткинский переулок, 23;Место заключения;55.740562;37.58743
"Ордынский концлагерь (в т.ч. отделение Ивановского концетрационного лагеря; открыт в 1919 - нач.1920";улица Большая Ордынка, 17с25;Место заключения;55.74255;37.62554
Владыкинский концлагерь (открыт 18–19 ноября 1919);около станции Владыкино Малого кольца Московской желе;Место заключения;55.853247;37.597691
Кожуховский концлагерь (открыт с 18 окт. 1919, с 1914 использовался для содержания военнопленных);около станции Кожухово окружной ж/д;Место заключения;55.712942;37.657456
Ходынская тюремная больница, закрыта 30 мая 1922;Ходынский Хутор;Место заключения;55.781395;37.549085
Новопесковский концлагерь (упоминается с 1 мая 1919) / Новопесковский распределитель с 22 сент. 1920;Новопесковский пер., 5, 6;Место заключения;55.750304;37.57675
Московская центральная больница мест заключения;Угол Лесной и Новослободской (на 1925);Место заключения;55.7836;37.59477
Покровский концлагерь;Большой Трехсвятительский переулок, 3;Место заключения;55.755484;37.646498
Хамовнический полицейский дом;Фрунзенская;Место заключения;55.729477;37.584791
Лубянская внтуренная тюрьма;Большая Лубянка;Место заключения;55.760873;37.62796
Тюрьма московского областного управления НКВД;Большая Лубянка (14) или Малая Лубянка 13;Место заключения;55.762403;37.629393
Камеры заключения в первом здании ВЧК;Большая Лубянка 11;Место заключения;55.763531;37.628408
Белорусский вокзал;камеры заключения на белорусском вокзале;Место заключения;55.776211;37.580946
Расстрельный двор в Варсонофьевском переулке (1918-1948);"Б. Лубянка, 11; Варсонофьевский пер., 7";Место расстрелов;55.763525;37.627426
Петровский парк (1918);Ленинградский пр., 36/14;Место расстрелов;55.794531;37.554197
Бутырская тюрьма;Новослободская, 45;Место расстрелов;55.784522;37.594012
Братское кладбище (1917-1920);Братское кладбище;Место расстрелов;55.799585;37.515154
Спецпомещение Мосгорсуда (c 1934 года);Каланчёвская, 43;Место расстрелов;55.777807;37.647127
"Спецобъект ""Бутовский полигон"" (1934-1938)";Бутово, ул. Юбилейная, 2;Место расстрелов;55.533188;37.595518
"Спецобъект ""Коммунарка"" (1937-1941)";Москва, 24-й км Калужского шоссе;Место расстрелов;55.578548;37.45557
"Спецобъект ""Бутовский полигон"" (1934-1938";Бутово, ул. Юбилейная, 2;Место захоронений;55.533188;37.595518
"Спецобъект ""Коммунарка"" (1937-1941)";Москва, 24-й км Калужского шоссе;Место захоронений;55.578548;37.45557
Калитниковское кладбище (1926-1935);Б. Калитниковский пр-д, 11;Место захоронений;55.732087;37.69105
Ваганьковское кладбище (1926-1935);С. Макеева, 15;Место захоронений;55.768298;37.548924
Донское кладбище (1930-е);Донская пл., 1;Место захоронений;55.712119;37.602945
Братское кладбище (1917-1920);Новопесчанная 12;Место захоронений;55.799585;37.515154
Яузская больница (1921-1926, 1930-е);Яузская ул, 11;Место захоронений;55.746934;37.649169
