date;name;lat;lon;total
1938-01;BAIKALO-AMURSKII ITL;51.375169;128.133383;200907
1938-01;BELOMORO-BALTIISKII ITL;62.912774;34.456850;69098
1938-01;VOLZhSKII ITL I STROITEL'STVO;58.093925;38.689487;73100
1938-01;VIaZEMSKII ITL;55.205944;34.298037;24100
1938-01;DAL'NE-VOSTOChNYI ITL;48.472584;135.057732;100875
1938-01;DMITROVSKII ITL;56.344157;37.520015;16068
1938-01;IVDEL'SKII ITL;60.694531;60.424477;16230
1938-01;ITL I STROITEL'STVO;55.817820;37.849895;7001
1938-01;ITL I STROITEL'STVO IuGO-VOSTOChNOI GAVANI;55.503273;36.078246;4303
1938-01;KALUZhSKII ITL;54.507014;36.252277;5624
1938-01;KARAGANDINSKII ITL;49.670690;72.680507;31548
1938-01;KARGOPOL'SKII ITL;61.505400;38.947214;15217
1938-01;KOTLASSKII PERESYL'NO-PEREVALOChNYI;61.252970;46.633217;0
1938-01;KULOISKII ITL;64.539393;40.516939;10581
1938-01;LOKChIMSKII ITL;63.560972;53.677285;18937
1938-01;LUZhSKII ITL I STROITEL'STVO 200;60.004928;30.440464;6645
1938-01;NORIL'SKII ITL;69.349039;88.201014;7927
1938-01;PODOL'SKII ITL;55.431177;37.544737;4352
1938-01;PRORVINSKII ITL;46.347869;48.033574;6953
1938-01;SAMARSKII ITL I STROITEL'STVO;53.184283;50.201397;15894
1938-01;SEVERO-VOSTOChNYI ITL;64.350757;154.599288;90741
1938-01;SIBIRSKII ITL;56.209250;87.735094;78838
1938-01;SREDNEAZIATSKII ITL;41.311178;69.279701;33936
1938-01;TAIShETSKII ITL GULAGA;55.940513;98.003044;13333
1938-01;TEMNIKOVSKII ITL;54.391243;42.660139;17921
1938-01;TOMSKO-ASINSKII ITL;56.990797;86.176508;11912
1938-01;UST'VYMSKII ITL;62.845101;51.327355;5222
1938-01;UKhTINSKO-PEChORSKII ITL;63.556478;53.701413;54792
1938-01;ShOSDORLAG;48.472584;135.057732;42853
1938-02;BAIKALO-AMURSKII ITL;51.375169;128.133383;200907
1938-02;BELOMORO-BALTIISKII ITL;62.912774;34.456850;69098
1938-02;VOLZhSKII ITL I STROITEL'STVO;58.093925;38.689487;75222
1938-02;VIaZEMSKII ITL;55.205944;34.298037;36919
1938-02;VIaTSKII ITL;59.960525;52.975988;11855
1938-02;DAL'NE-VOSTOChNYI ITL;48.472584;135.057732;82467
1938-02;IVDEL'SKII ITL;60.694531;60.424477;18196
1938-02;ITL I STROITEL'STVO;55.817820;37.849895;51507
1938-02;ITL I STROITEL'STVO IuGO-VOSTOChNOI GAVANI;55.503273;36.078246;31378
1938-02;KALUZhSKII ITL;54.507014;36.252277;3014
1938-02;KARAGANDINSKII ITL;49.670690;72.680507;35828
1938-02;KARGOPOL'SKII ITL;61.505400;38.947214;22643
1938-02;KOTLASSKII PERESYL'NO-PEREVALOChNYI;61.252970;46.633217;0
1938-02;KRASNOIaRSKII ITL;56.166747;97.218061;9924
1938-02;KULOISKII ITL;64.539393;40.516939;10433
1938-02;LOKChIMSKII ITL;63.560972;53.677285;22589
1938-02;LUZhSKII ITL I STROITEL'STVO 200;60.004928;30.440464;36209
1938-02;NORIL'SKII ITL;69.349039;88.201014;9743
1938-02;ONEZhSKII ITL;62.708819;40.295226;13352
1938-02;PODOL'SKII ITL;55.431177;37.544737;3067
1938-02;PRORVINSKII ITL;46.347869;48.033574;30118
1938-02;RAIChIKhINSKII ITL;49.794114;129.411255;4843
1938-02;SAMARSKII ITL I STROITEL'STVO;53.184283;50.201397;23063
1938-02;SEVERO-VOSTOChNYI ITL;64.350757;154.599288;114455
1938-02;SEVERO-URAL'SKII ITL;59.174400;61.849376;18571
1938-02;SIBIRSKII ITL;56.209250;87.735094;62066
1938-02;SREDNEAZIATSKII ITL;41.311178;69.279701;35268
1938-02;TAIShETSKII ITL GULAGA;55.940513;98.003044;15175
1938-02;TEMNIKOVSKII ITL;54.391243;42.660139;19347
1938-02;TOMSKO-ASINSKII ITL;56.990797;86.176508;11512
1938-02;UNZhENSKII ITL;57.046416;44.890180;15245
1938-02;USOL'SKII ITL;59.648333;56.771029;10746
1938-02;UST'VYMSKII ITL;62.845101;51.327355;8598
1938-02;UKhTINSKO-PEChORSKII ITL;63.556478;53.701413;54792
1938-02;ShOSDORLAG;48.472584;135.057732;41884
1938-03;BAIKALO-AMURSKII ITL;51.375169;128.133383;200907
1938-03;BELOMORO-BALTIISKII ITL;62.912774;34.456850;69098
1938-03;VOLZhSKII ITL I STROITEL'STVO;58.093925;38.689487;75222
1938-03;VIaZEMSKII ITL;55.205944;34.298037;36919
1938-03;VIaTSKII ITL;59.960525;52.975988;11855
1938-03;DAL'NE-VOSTOChNYI ITL;48.472584;135.057732;82467
1938-03;IVDEL'SKII ITL;60.694531;60.424477;18196
1938-03;ITL I STROITEL'STVO;55.817820;37.849895;51507
1938-03;ITL I STROITEL'STVO IuGO-VOSTOChNOI GAVANI;55.503273;36.078246;31378
1938-03;KARAGANDINSKII ITL;49.670690;72.680507;35828
1938-03;KARGOPOL'SKII ITL;61.505400;38.947214;22643
1938-03;KOTLASSKII PERESYL'NO-PEREVALOChNYI;61.252970;46.633217;0
1938-03;KRASNOIaRSKII ITL;56.166747;97.218061;9924
1938-03;KULOISKII ITL;64.539393;40.516939;10433
1938-03;LOKChIMSKII ITL;63.560972;53.677285;22589
1938-03;LUZhSKII ITL I STROITEL'STVO 200;60.004928;30.440464;36209
1938-03;NORIL'SKII ITL;69.349039;88.201014;9743
1938-03;ONEZhSKII ITL;62.708819;40.295226;13352
1938-03;PODOL'SKII ITL;55.431177;37.544737;3067
1938-03;PRORVINSKII ITL;46.347869;48.033574;30118
1938-03;RAIChIKhINSKII ITL;49.794114;129.411255;4843
1938-03;SAMARSKII ITL I STROITEL'STVO;53.184283;50.201397;23063
1938-03;SEVERO-VOSTOChNYI ITL;64.350757;154.599288;114455
1938-03;SEVERO-URAL'SKII ITL;59.174400;61.849376;18571
1938-03;SIBIRSKII ITL;56.209250;87.735094;62066
1938-03;SREDNEAZIATSKII ITL;41.311178;69.279701;35268
1938-03;TAIShETSKII ITL GULAGA;55.940513;98.003044;15175
1938-03;TEMNIKOVSKII ITL;54.391243;42.660139;19347
1938-03;TOMSKO-ASINSKII ITL;56.990797;86.176508;11512
1938-03;UNZhENSKII ITL;57.046416;44.890180;15245
1938-03;USOL'SKII ITL;59.648333;56.771029;10746
1938-03;UST'VYMSKII ITL;62.845101;51.327355;8598
1938-03;UKhTINSKO-PEChORSKII ITL;63.556478;53.701413;54792
1938-03;ShOSDORLAG;48.472584;135.057732;41884
1938-04;BAIKALO-AMURSKII ITL;51.375169;128.133383;200907
1938-04;BELOMORO-BALTIISKII ITL;62.912774;34.456850;69098
1938-04;BUKAChAChINSKII ITL;52.983140;116.909105;2964
1938-04;VOLZhSKII ITL I STROITEL'STVO;58.093925;38.689487;75222
1938-04;VIaZEMSKII ITL;55.205944;34.298037;36919
1938-04;VIaTSKII ITL;59.960525;52.975988;11855
1938-04;GORNOShORSKII ITL;53.141319;87.456841;11377
1938-04;DAL'NE-VOSTOChNYI ITL;48.472584;135.057732;82467
1938-04;IVDEL'SKII ITL;60.694531;60.424477;18196
1938-04;ITL I STROITEL'STVO;55.817820;37.849895;51507
1938-04;ITL I STROITEL'STVO IuGO-VOSTOChNOI GAVANI;55.503273;36.078246;31378
1938-04;KARAGANDINSKII ITL;49.670690;72.680507;35828
1938-04;KARGOPOL'SKII ITL;61.505400;38.947214;22643
1938-04;KRASNOIaRSKII ITL;56.166747;97.218061;9924
1938-04;KULOISKII ITL;64.539393;40.516939;10433
1938-04;LOKChIMSKII ITL;63.560972;53.677285;22589
1938-04;LUZhSKII ITL I STROITEL'STVO 200;60.004928;30.440464;36209
1938-04;NORIL'SKII ITL;69.349039;88.201014;9743
1938-04;ONEZhSKII ITL;62.708819;40.295226;13352
1938-04;PODOL'SKII ITL;55.431177;37.544737;3067
1938-04;PRORVINSKII ITL;46.347869;48.033574;30118
1938-04;RAIChIKhINSKII ITL;49.794114;129.411255;4843
1938-04;SAMARSKII ITL I STROITEL'STVO;53.184283;50.201397;23063
1938-04;SEVERO-VOSTOChNYI ITL;64.350757;154.599288;114455
1938-04;SEVERO-URAL'SKII ITL;59.174400;61.849376;18571
1938-04;SIBIRSKII ITL;56.209250;87.735094;62066
1938-04;SREDNEAZIATSKII ITL;41.311178;69.279701;35268
1938-04;TAIShETSKII ITL GULAGA;55.940513;98.003044;15175
1938-04;TEMNIKOVSKII ITL;54.391243;42.660139;19347
1938-04;TOMSKO-ASINSKII ITL;56.990797;86.176508;11512
1938-04;UNZhENSKII ITL;57.046416;44.890180;15245
1938-04;USOL'SKII ITL;59.648333;56.771029;10746
1938-04;UST'VYMSKII ITL;62.845101;51.327355;8598
1938-04;UKhTINSKO-PEChORSKII ITL;63.556478;53.701413;54792
1938-04;ShOSDORLAG;48.472584;135.057732;41884
1938-04;IaGRINSKII ITL I STROITEL'STVO 203;64.558186;39.829620;8289
1938-05;AMURSKII ZhELEZNODOROZhNYI ITL;51.375889;128.134147;125313
1938-05;BAIKALO-AMURSKII ITL;51.375169;128.133383;200907
1938-05;BELOMORO-BALTIISKII ITL;62.912774;34.456850;69098
1938-05;BUKAChAChINSKII ITL;52.983140;116.909105;2964
1938-05;BUREINSKII ITL;48.982431;131.558309;40224
1938-05;VOLZhSKII ITL I STROITEL'STVO;58.093925;38.689487;75222
1938-05;VORKUTINSKII ITL;67.497410;64.061091;15009
1938-05;VOSTOChNYI ZhELEZNODOROZhNYI ITL;50.549923;137.007912;12908
1938-05;VIaZEMSKII ITL;55.205944;34.298037;36919
1938-05;VIaTSKII ITL;59.960525;52.975988;14354
1938-05;GORNOShORSKII ITL;53.141319;87.456841;11377
1938-05;DAL'NE-VOSTOChNYI ITL;48.472584;135.057732;82467
1938-05;ZAPADNYI ZhELEZNODOROZhNYI ITL;55.940513;98.003044;15643
1938-05;IVDEL'SKII ITL;60.694531;60.424477;18196
1938-05;ITL I STROITEL'STVO;55.817820;37.849895;51507
1938-05;ITL I STROITEL'STVO IuGO-VOSTOChNOI GAVANI;55.503273;36.078246;31378
1938-05;KARAGANDINSKII ITL;49.670690;72.680507;35828
1938-05;KARGOPOL'SKII ITL;61.505400;38.947214;22643
1938-05;KOTLASSKII PERESYL'NO-PEREVALOChNYI;61.252970;46.633217;19007
1938-05;KRASNOIaRSKII ITL;56.166747;97.218061;12578
1938-05;KULOISKII ITL;64.539393;40.516939;10433
1938-05;LOKChIMSKII ITL;63.560972;53.677285;22589
1938-05;LUZhSKII ITL I STROITEL'STVO 200;60.004928;30.440464;36209
1938-05;NORIL'SKII ITL;69.349039;88.201014;9743
1938-05;ONEZhSKII ITL;62.708819;40.295226;15042
1938-05;PODOL'SKII ITL;55.431177;37.544737;3067
1938-05;PRORVINSKII ITL;46.347869;48.033574;30118
1938-05;RAIChIKhINSKII ITL;49.794114;129.411255;4843
1938-05;SAMARSKII ITL I STROITEL'STVO;53.184283;50.201397;23063
1938-05;SEVERNYI ZhELEZNODOROZhNYI ITL;62.602833;50.853431;25199
1938-05;SEVERO-VOSTOChNYI ITL;64.350757;154.599288;114455
1938-05;SEVERO-URAL'SKII ITL;59.174400;61.849376;22767
1938-05;SIBIRSKII ITL;56.209250;87.735094;62066
1938-05;SOROKSKII ITL;63.728997;39.638018;476
1938-05;SREDNEAZIATSKII ITL;41.311178;69.279701;35268
1938-05;TAIShETSKII ITL GULAGA;55.940513;98.003044;15175
1938-05;TEMNIKOVSKII ITL;54.391243;42.660139;19347
1938-05;TOMSKO-ASINSKII ITL;56.990797;86.176508;11512
1938-05;UNZhENSKII ITL;57.046416;44.890180;15857
1938-05;USOL'SKII ITL;59.648333;56.771029;21730
1938-05;UST'VYMSKII ITL;62.845101;51.327355;8598
1938-05;UKhTINSKO-PEChORSKII ITL;63.556478;53.701413;54792
1938-05;UKhTO-IZhEMSKII ITL;63.556478;53.701413;30453
1938-05;ShOSDORLAG;48.472584;135.057732;41884
1938-05;IuGO-VOSTOChNYI ITL;48.561245;134.480852;31116
1938-05;IuZhNYI ITL;51.833507;107.584125;39772
1938-05;IaGRINSKII ITL I STROITEL'STVO 203;64.558186;39.829620;8289
1938-06;AMURSKII ZhELEZNODOROZhNYI ITL;51.375889;128.134147;125313
1938-06;BELOMORO-BALTIISKII ITL;62.912774;34.456850;69098
1938-06;BUKAChAChINSKII ITL;52.983140;116.909105;2964
1938-06;BUREINSKII ITL;48.982431;131.558309;40224
1938-06;VOLZhSKII ITL I STROITEL'STVO;58.093925;38.689487;75222
1938-06;VORKUTINSKII ITL;67.497410;64.061091;15009
1938-06;VOSTOChNYI ZhELEZNODOROZhNYI ITL;50.549923;137.007912;12908
1938-06;VIaZEMSKII ITL;55.205944;34.298037;36919
1938-06;VIaTSKII ITL;59.960525;52.975988;14354
1938-06;GORNOShORSKII ITL;53.141319;87.456841;11377
1938-06;DAL'NE-VOSTOChNYI ITL;48.472584;135.057732;82467
1938-06;ZAPADNYI ZhELEZNODOROZhNYI ITL;55.940513;98.003044;15643
1938-06;IVDEL'SKII ITL;60.694531;60.424477;18196
1938-06;ITL I STROITEL'STVO;55.817820;37.849895;51507
1938-06;ITL I STROITEL'STVO IuGO-VOSTOChNOI GAVANI;55.503273;36.078246;31378
1938-06;KARAGANDINSKII ITL;49.670690;72.680507;35828
1938-06;KARGOPOL'SKII ITL;61.505400;38.947214;22643
1938-06;KOTLASSKII PERESYL'NO-PEREVALOChNYI;61.252970;46.633217;19007
1938-06;KRASNOIaRSKII ITL;56.166747;97.218061;12578
1938-06;KULOISKII ITL;64.539393;40.516939;10433
1938-06;LOKChIMSKII ITL;63.560972;53.677285;22589
1938-06;LUZhSKII ITL I STROITEL'STVO 200;60.004928;30.440464;36209
1938-06;NORIL'SKII ITL;69.349039;88.201014;9743
1938-06;ONEZhSKII ITL;62.708819;40.295226;15042
1938-06;PODOL'SKII ITL;55.431177;37.544737;3067
1938-06;PRORVINSKII ITL;46.347869;48.033574;30118
1938-06;RAIChIKhINSKII ITL;49.794114;129.411255;4843
1938-06;SAMARSKII ITL I STROITEL'STVO;53.184283;50.201397;23063
1938-06;SEVERNYI ZhELEZNODOROZhNYI ITL;62.602833;50.853431;25199
1938-06;SEVERO-VOSTOChNYI ITL;64.350757;154.599288;114455
1938-06;SEVERO-URAL'SKII ITL;59.174400;61.849376;22767
1938-06;SIBIRSKII ITL;56.209250;87.735094;62066
1938-06;SOROKSKII ITL;63.728997;39.638018;476
1938-06;SREDNEAZIATSKII ITL;41.311178;69.279701;35268
1938-06;TAIShETSKII ITL GULAGA;55.940513;98.003044;15175
1938-06;TEMNIKOVSKII ITL;54.391243;42.660139;19347
1938-06;TOMSKO-ASINSKII ITL;56.990797;86.176508;11512
1938-06;UNZhENSKII ITL;57.046416;44.890180;15857
1938-06;USOL'SKII ITL;59.648333;56.771029;21730
1938-06;UST'VYMSKII ITL;62.845101;51.327355;8598
1938-06;UKhTO-IZhEMSKII ITL;63.556478;53.701413;30453
1938-06;ShOSDORLAG;48.472584;135.057732;41884
1938-06;IuGO-VOSTOChNYI ITL;48.561245;134.480852;31116
1938-06;IuZhNYI ITL;51.833507;107.584125;39772
1938-06;IaGRINSKII ITL I STROITEL'STVO 203;64.558186;39.829620;8289
1938-07;AMURSKII ZhELEZNODOROZhNYI ITL;51.375889;128.134147;125313
1938-07;ARKhANGEL'SKII ITL;64.539393;40.516939;83154
1938-07;BELOMORO-BALTIISKII ITL;62.912774;34.456850;69098
1938-07;BUKAChAChINSKII ITL;52.983140;116.909105;2964
1938-07;BUREINSKII ITL;48.982431;131.558309;40224
1938-07;VOLZhSKII ITL I STROITEL'STVO;58.093925;38.689487;75222
1938-07;VORKUTINSKII ITL;67.497410;64.061091;15009
1938-07;VOSTOChNYI ZhELEZNODOROZhNYI ITL;50.549923;137.007912;12908
1938-07;VIaZEMSKII ITL;55.205944;34.298037;49738
1938-07;VIaTSKII ITL;59.960525;52.975988;14354
1938-07;GORNOShORSKII ITL;53.141319;87.456841;11377
1938-07;DAL'NE-VOSTOChNYI ITL;48.472584;135.057732;82467
1938-07;ZAPADNYI ZhELEZNODOROZhNYI ITL;55.940513;98.003044;15643
1938-07;IVDEL'SKII ITL;60.694531;60.424477;18196
1938-07;ITL I STROITEL'STVO;55.817820;37.849895;96014
1938-07;ITL I STROITEL'STVO IuGO-VOSTOChNOI GAVANI;55.503273;36.078246;31378
1938-07;KARAGANDINSKII ITL;49.670690;72.680507;35828
1938-07;KARGOPOL'SKII ITL;61.505400;38.947214;22643
1938-07;KOTLASSKII PERESYL'NO-PEREVALOChNYI;61.252970;46.633217;19007
1938-07;KRASNOIaRSKII ITL;56.166747;97.218061;12578
1938-07;KULOISKII ITL;64.539393;40.516939;10433
1938-07;LOKChIMSKII ITL;63.560972;53.677285;22589
1938-07;LUZhSKII ITL I STROITEL'STVO 200;60.004928;30.440464;36209
1938-07;NORIL'SKII ITL;69.349039;88.201014;9743
1938-07;ONEZhSKII ITL;62.708819;40.295226;15042
1938-07;PODOL'SKII ITL;55.431177;37.544737;1782
1938-07;PRORVINSKII ITL;46.347869;48.033574;30118
1938-07;RAIChIKhINSKII ITL;49.794114;129.411255;4843
1938-07;SAMARSKII ITL I STROITEL'STVO;53.184283;50.201397;23063
1938-07;SEVERNYI ZhELEZNODOROZhNYI ITL;62.602833;50.853431;25199
1938-07;SEVERO-VOSTOChNYI ITL;64.350757;154.599288;114455
1938-07;SEVERO-URAL'SKII ITL;59.174400;61.849376;22767
1938-07;SIBIRSKII ITL;56.209250;87.735094;62066
1938-07;SOROKSKII ITL;63.728997;39.638018;476
1938-07;SREDNEAZIATSKII ITL;41.311178;69.279701;35268
1938-07;TAIShETSKII ITL GULAGA;55.940513;98.003044;17018
1938-07;TEMNIKOVSKII ITL;54.391243;42.660139;19347
1938-07;TOMSKO-ASINSKII ITL;56.990797;86.176508;11512
1938-07;UNZhENSKII ITL;57.046416;44.890180;15857
1938-07;USOL'SKII ITL;59.648333;56.771029;21730
1938-07;UST'-BOROVSKII ITL;59.696334;56.692767;4295
1938-07;UST'VYMSKII ITL;62.845101;51.327355;8598
1938-07;UKhTO-IZhEMSKII ITL;63.556478;53.701413;30453
1938-07;ShOSDORLAG;48.472584;135.057732;40916
1938-07;IuGO-VOSTOChNYI ITL;48.561245;134.480852;31116
1938-07;IuZhNYI ITL;51.833507;107.584125;39772
1938-07;IaGRINSKII ITL I STROITEL'STVO 203;64.558186;39.829620;8289
1938-08;AMURSKII ZhELEZNODOROZhNYI ITL;51.375889;128.134147;125313
1938-08;ARKhANGEL'SKII ITL;64.539393;40.516939;83154
1938-08;BELOMORO-BALTIISKII ITL;62.912774;34.456850;69098
1938-08;BUKAChAChINSKII ITL;52.983140;116.909105;31208
1938-08;BUREINSKII ITL;48.982431;131.558309;40224
1938-08;VOLZhSKII ITL I STROITEL'STVO;58.093925;38.689487;75222
1938-08;VORKUTINSKII ITL;67.497410;64.061091;16466
1938-08;VOSTOChNYI ZhELEZNODOROZhNYI ITL;50.549923;137.007912;12908
1938-08;VIaZEMSKII ITL;55.205944;34.298037;44544
1938-08;VIaTSKII ITL;59.960525;52.975988;14354
1938-08;GORNOShORSKII ITL;53.141319;87.456841;11377
1938-08;DAL'NE-VOSTOChNYI ITL;48.472584;135.057732;82467
1938-08;ZAPADNYI ZhELEZNODOROZhNYI ITL;55.940513;98.003044;15643
1938-08;IVDEL'SKII ITL;60.694531;60.424477;18196
1938-08;ITL I STROITEL'STVO;55.817820;37.849895;49370
1938-08;ITL I STROITEL'STVO IuGO-VOSTOChNOI GAVANI;55.503273;36.078246;31378
1938-08;KARAGANDINSKII ITL;49.670690;72.680507;35828
1938-08;KARGOPOL'SKII ITL;61.505400;38.947214;22643
1938-08;KOTLASSKII PERESYL'NO-PEREVALOChNYI;61.252970;46.633217;19007
1938-08;KRASNOIaRSKII ITL;56.166747;97.218061;12578
1938-08;KULOISKII ITL;64.539393;40.516939;10433
1938-08;LIKOVSKII ITL I STROITEL'STVO 204;55.791952;37.409271;28173
1938-08;LOKChIMSKII ITL;63.560972;53.677285;22589
1938-08;LUZhSKII ITL I STROITEL'STVO 200;60.004928;30.440464;36209
1938-08;NOVO-TAMBOVSKII ITL;50.549923;137.007912;15000
1938-08;NORIL'SKII ITL;69.349039;88.201014;9743
1938-08;ONEZhSKII ITL;62.708819;40.295226;15042
1938-08;PODOL'SKII ITL;55.431177;37.544737;1782
1938-08;PRORVINSKII ITL;46.347869;48.033574;30118
1938-08;RAIChIKhINSKII ITL;49.794114;129.411255;45977
1938-08;SAMARSKII ITL I STROITEL'STVO;53.184283;50.201397;23063
1938-08;SEVERNYI ZhELEZNODOROZhNYI ITL;62.602833;50.853431;25199
1938-08;SEVERO-VOSTOChNYI ITL;64.350757;154.599288;114455
1938-08;SEVERO-URAL'SKII ITL;59.174400;61.849376;22767
1938-08;SIBIRSKII ITL;56.209250;87.735094;62066
1938-08;SOROKSKII ITL;63.728997;39.638018;8918
1938-08;SREDNEAZIATSKII ITL;41.311178;69.279701;35268
1938-08;TAIShETSKII ITL GULAGA;55.940513;98.003044;15800
1938-08;TEMNIKOVSKII ITL;54.391243;42.660139;19347
1938-08;TOMSKO-ASINSKII ITL;56.990797;86.176508;11512
1938-08;UNZhENSKII ITL;57.046416;44.890180;15857
1938-08;USOL'SKII ITL;59.648333;56.771029;21730
1938-08;UST'-BOROVSKII ITL;59.696334;56.692767;4295
1938-08;UST'VYMSKII ITL;62.845101;51.327355;8598
1938-08;UKhTO-IZhEMSKII ITL;63.556478;53.701413;28729
1938-08;ShOSDORLAG;48.472584;135.057732;38838
1938-08;IuGO-VOSTOChNYI ITL;48.561245;134.480852;31116
1938-08;IuZhNYI ITL;51.833507;107.584125;39772
1938-08;IaGRINSKII ITL I STROITEL'STVO 203;64.558186;39.829620;17984
1938-09;AMURSKII ZhELEZNODOROZhNYI ITL;51.375889;128.134147;125313
1938-09;ARKhANGEL'SKII ITL;64.539393;40.516939;83154
1938-09;BELOMORO-BALTIISKII ITL;62.912774;34.456850;69098
1938-09;BUKAChAChINSKII ITL;52.983140;116.909105;31208
1938-09;BUREINSKII ITL;48.982431;131.558309;40224
1938-09;VOLZhSKII ITL I STROITEL'STVO;58.093925;38.689487;75222
1938-09;VORKUTINSKII ITL;67.497410;64.061091;16466
1938-09;VOSTOChNYI ZhELEZNODOROZhNYI ITL;50.549923;137.007912;12908
1938-09;VIaZEMSKII ITL;55.205944;34.298037;44544
1938-09;VIaTSKII ITL;59.960525;52.975988;14354
1938-09;GORNOShORSKII ITL;53.141319;87.456841;11377
1938-09;DAL'NE-VOSTOChNYI ITL;48.472584;135.057732;82467
1938-09;ZAPADNYI ZhELEZNODOROZhNYI ITL;55.940513;98.003044;15643
1938-09;IVDEL'SKII ITL;60.694531;60.424477;18196
1938-09;ITL DMITROVSKOGO MEKhANIChESKOGO ZAVODA;56.344157;37.520015;20664
1938-09;ITL I STROITEL'STVO;55.817820;37.849895;49370
1938-09;ITL I STROITEL'STVO IuGO-VOSTOChNOI GAVANI;55.503273;36.078246;31378
1938-09;KARAGANDINSKII ITL;49.670690;72.680507;35828
1938-09;KARGOPOL'SKII ITL;61.505400;38.947214;22643
1938-09;KOTLASSKII PERESYL'NO-PEREVALOChNYI;61.252970;46.633217;19007
1938-09;KRASNOIaRSKII ITL;56.166747;97.218061;12578
1938-09;KULOISKII ITL;64.539393;40.516939;10433
1938-09;LIKOVSKII ITL I STROITEL'STVO 204;55.791952;37.409271;28173
1938-09;LOKChIMSKII ITL;63.560972;53.677285;22589
1938-09;LUZhSKII ITL I STROITEL'STVO 200;60.004928;30.440464;36209
1938-09;NOVO-TAMBOVSKII ITL;50.549923;137.007912;15000
1938-09;NORIL'SKII ITL;69.349039;88.201014;9743
1938-09;ONEZhSKII ITL;62.708819;40.295226;15042
1938-09;PODOL'SKII ITL;55.431177;37.544737;1782
1938-09;PRORVINSKII ITL;46.347869;48.033574;30118
1938-09;RAIChIKhINSKII ITL;49.794114;129.411255;45977
1938-09;SAMARSKII ITL I STROITEL'STVO;53.184283;50.201397;23063
1938-09;SEVERNYI ZhELEZNODOROZhNYI ITL;62.602833;50.853431;25199
1938-09;SEVERO-VOSTOChNYI ITL;64.350757;154.599288;114455
1938-09;SEVERO-URAL'SKII ITL;59.174400;61.849376;22767
1938-09;SIBIRSKII ITL;56.209250;87.735094;62066
1938-09;SOROKSKII ITL;63.728997;39.638018;8918
1938-09;SREDNEAZIATSKII ITL;41.311178;69.279701;35268
1938-09;STROITEL'STVO 211 I ITL;49.312270;28.480826;1911
1938-09;TAIShETSKII ITL GULAGA;55.940513;98.003044;15800
1938-09;TEMNIKOVSKII ITL;54.391243;42.660139;19347
1938-09;TOMSKO-ASINSKII ITL;56.990797;86.176508;11512
1938-09;UNZhENSKII ITL;57.046416;44.890180;15857
1938-09;USOL'SKII ITL;59.648333;56.771029;21730
1938-09;UST'-BOROVSKII ITL;59.696334;56.692767;4295
1938-09;UST'VYMSKII ITL;62.845101;51.327355;8598
1938-09;UKhTO-IZhEMSKII ITL;63.556478;53.701413;28729
1938-09;ShOSDORLAG;48.472584;135.057732;38838
1938-09;IuGO-VOSTOChNYI ITL;48.561245;134.480852;31116
1938-09;IuZhNYI ITL;51.833507;107.584125;39772
1938-09;IaGRINSKII ITL I STROITEL'STVO 203;64.558186;39.829620;17984
1938-10;AMURSKII ZhELEZNODOROZhNYI ITL;51.375889;128.134147;125313
1938-10;ARKhANGEL'SKII ITL;64.539393;40.516939;83154
1938-10;BELOMORO-BALTIISKII ITL;62.912774;34.456850;79232
1938-10;BUKAChAChINSKII ITL;52.983140;116.909105;31208
1938-10;BUREINSKII ITL;48.982431;131.558309;40224
1938-10;VOLZhSKII ITL I STROITEL'STVO;58.093925;38.689487;77345
1938-10;VORKUTINSKII ITL;67.497410;64.061091;16466
1938-10;VOSTOChNYI ZhELEZNODOROZhNYI ITL;50.549923;137.007912;12908
1938-10;VIaZEMSKII ITL;55.205944;34.298037;39350
1938-10;VIaTSKII ITL;59.960525;52.975988;14354
1938-10;GORNOShORSKII ITL;53.141319;87.456841;11377
1938-10;DAL'NE-VOSTOChNYI ITL;48.472584;135.057732;64060
1938-10;ZAPADNYI ZhELEZNODOROZhNYI ITL;55.940513;98.003044;15643
1938-10;IVDEL'SKII ITL;60.694531;60.424477;18196
1938-10;ITL DMITROVSKOGO MEKhANIChESKOGO ZAVODA;56.344157;37.520015;20664
1938-10;ITL I STROITEL'STVO;55.817820;37.849895;49370
1938-10;ITL I STROITEL'STVO IuGO-VOSTOChNOI GAVANI;55.503273;36.078246;58454
1938-10;KARAGANDINSKII ITL;49.670690;72.680507;40109
1938-10;KARGOPOL'SKII ITL;61.505400;38.947214;22643
1938-10;KOTLASSKII PERESYL'NO-PEREVALOChNYI;61.252970;46.633217;38014
1938-10;KRASNOIaRSKII ITL;56.166747;97.218061;12578
1938-10;KULOISKII ITL;64.539393;40.516939;10286
1938-10;LIKOVSKII ITL I STROITEL'STVO 204;55.791952;37.409271;28173
1938-10;LOKChIMSKII ITL;63.560972;53.677285;22589
1938-10;LUZhSKII ITL I STROITEL'STVO 200;60.004928;30.440464;65773
1938-10;NOVO-TAMBOVSKII ITL;50.549923;137.007912;15000
1938-10;NORIL'SKII ITL;69.349039;88.201014;9743
1938-10;ONEZhSKII ITL;62.708819;40.295226;15042
1938-10;PODOL'SKII ITL;55.431177;37.544737;1782
1938-10;PRORVINSKII ITL;46.347869;48.033574;53284
1938-10;RAIChIKhINSKII ITL;49.794114;129.411255;45977
1938-10;SAMARSKII ITL I STROITEL'STVO;53.184283;50.201397;30233
1938-10;SEVERNYI ZhELEZNODOROZhNYI ITL;62.602833;50.853431;25199
1938-10;SEVERO-VOSTOChNYI ITL;64.350757;154.599288;114455
1938-10;SEVERO-URAL'SKII ITL;59.174400;61.849376;22767
1938-10;SIBIRSKII ITL;56.209250;87.735094;45295
1938-10;SOROKSKII ITL;63.728997;39.638018;17360
1938-10;SREDNEAZIATSKII ITL;41.311178;69.279701;36601
1938-10;STROITEL'STVO 211 I ITL;49.312270;28.480826;1911
1938-10;TAIShETSKII ITL GULAGA;55.940513;98.003044;14583
1938-10;TEMNIKOVSKII ITL;54.391243;42.660139;20774
1938-10;TOMSKO-ASINSKII ITL;56.990797;86.176508;11112
1938-10;UNZhENSKII ITL;57.046416;44.890180;15857
1938-10;USOL'SKII ITL;59.648333;56.771029;21730
1938-10;UST'VYMSKII ITL;62.845101;51.327355;8598
1938-10;UKhTO-IZhEMSKII ITL;63.556478;53.701413;28729
1938-10;ShOSDORLAG;48.472584;135.057732;38838
1938-10;IuGO-VOSTOChNYI ITL;48.561245;134.480852;31116
1938-10;IuZhNYI ITL;51.833507;107.584125;39772
1938-10;IaGRINSKII ITL I STROITEL'STVO 203;64.558186;39.829620;17984
1938-11;AMURSKII ZhELEZNODOROZhNYI ITL;51.375889;128.134147;105267
1938-11;ARKhANGEL'SKII ITL;64.539393;40.516939;45527
1938-11;BELOMORO-BALTIISKII ITL;62.912774;34.456850;82899
1938-11;BUKAChAChINSKII ITL;52.983140;116.909105;31208
1938-11;BUREINSKII ITL;48.982431;131.558309;41696
1938-11;VOLZhSKII ITL I STROITEL'STVO;58.093925;38.689487;75960
1938-11;VORKUTINSKII ITL;67.497410;64.061091;16466
1938-11;VOSTOChNYI ZhELEZNODOROZhNYI ITL;50.549923;137.007912;17394
1938-11;VIaZEMSKII ITL;55.205944;34.298037;33410
1938-11;VIaTSKII ITL;59.960525;52.975988;14354
1938-11;GORNOShORSKII ITL;53.141319;87.456841;11523
1938-11;DAL'NE-VOSTOChNYI ITL;48.472584;135.057732;64154
1938-11;ZAPADNYI ZhELEZNODOROZhNYI ITL;55.940513;98.003044;16154
1938-11;IVDEL'SKII ITL;60.694531;60.424477;18196
1938-11;ITL DMITROVSKOGO MEKhANIChESKOGO ZAVODA;56.344157;37.520015;11468
1938-11;ITL I STROITEL'STVO;55.817820;37.849895;49370
1938-11;ITL I STROITEL'STVO IuGO-VOSTOChNOI GAVANI;55.503273;36.078246;31415
1938-11;KARAGANDINSKII ITL;49.670690;72.680507;37590
1938-11;KARGOPOL'SKII ITL;61.505400;38.947214;22643
1938-11;KOTLASSKII PERESYL'NO-PEREVALOChNYI;61.252970;46.633217;19589
1938-11;KRASNOIaRSKII ITL;56.166747;97.218061;12578
1938-11;KULOISKII ITL;64.539393;40.516939;10464
1938-11;LIKOVSKII ITL I STROITEL'STVO 204;55.791952;37.409271;16364
1938-11;LOKChIMSKII ITL;63.560972;53.677285;22589
1938-11;LUZhSKII ITL I STROITEL'STVO 200;60.004928;30.440464;35973
1938-11;NOVO-TAMBOVSKII ITL;50.549923;137.007912;15000
1938-11;NORIL'SKII ITL;69.349039;88.201014;9743
1938-11;ONEZhSKII ITL;62.708819;40.295226;15042
1938-11;PODOL'SKII ITL;55.431177;37.544737;1782
1938-11;PRORVINSKII ITL;46.347869;48.033574;29080
1938-11;RAIChIKhINSKII ITL;49.794114;129.411255;45977
1938-11;SAMARSKII ITL I STROITEL'STVO;53.184283;50.201397;33497
1938-11;SEVERNYI ZhELEZNODOROZhNYI ITL;62.602833;50.853431;27302
1938-11;SEVERO-VOSTOChNYI ITL;64.350757;154.599288;114455
1938-11;SEVERO-URAL'SKII ITL;59.174400;61.849376;22767
1938-11;SIBIRSKII ITL;56.209250;87.735094;45838
1938-11;SOROKSKII ITL;63.728997;39.638018;17409
1938-11;SREDNEAZIATSKII ITL;41.311178;69.279701;35420
1938-11;STROITEL'STVO 211 I ITL;49.312270;28.480826;1911
1938-11;TAIShETSKII ITL GULAGA;55.940513;98.003044;14474
1938-11;TEMNIKOVSKII ITL;54.391243;42.660139;21797
1938-11;TOMSKO-ASINSKII ITL;56.990797;86.176508;11501
1938-11;UNZhENSKII ITL;57.046416;44.890180;15857
1938-11;USOL'SKII ITL;59.648333;56.771029;21730
1938-11;UST'VYMSKII ITL;62.845101;51.327355;8598
1938-11;UKhTO-IZhEMSKII ITL;63.556478;53.701413;28729
1938-11;ShOSDORLAG;48.472584;135.057732;38838
1938-11;IuGO-VOSTOChNYI ITL;48.561245;134.480852;28242
1938-11;IuZhNYI ITL;51.833507;107.584125;31924
1938-11;IaGRINSKII ITL I STROITEL'STVO 203;64.558186;39.829620;17984
1938-12;AMURSKII ZhELEZNODOROZhNYI ITL;51.375889;128.134147;105267
1938-12;ARKhANGEL'SKII ITL;64.539393;40.516939;45527
1938-12;BELOMORO-BALTIISKII ITL;62.912774;34.456850;82899
1938-12;BUKAChAChINSKII ITL;52.983140;116.909105;31208
1938-12;BUREINSKII ITL;48.982431;131.558309;41696
1938-12;VOLZhSKII ITL I STROITEL'STVO;58.093925;38.689487;75960
1938-12;VORKUTINSKII ITL;67.497410;64.061091;16466
1938-12;VOSTOChNYI ZhELEZNODOROZhNYI ITL;50.549923;137.007912;17394
1938-12;VIaZEMSKII ITL;55.205944;34.298037;33410
1938-12;VIaTSKII ITL;59.960525;52.975988;14354
1938-12;GORNOShORSKII ITL;53.141319;87.456841;11523
1938-12;DAL'NE-VOSTOChNYI ITL;48.472584;135.057732;64154
1938-12;ZAPADNYI ZhELEZNODOROZhNYI ITL;55.940513;98.003044;16154
1938-12;IVDEL'SKII ITL;60.694531;60.424477;18196
1938-12;ITL DMITROVSKOGO MEKhANIChESKOGO ZAVODA;56.344157;37.520015;11468
1938-12;ITL I STROITEL'STVO;55.817820;37.849895;49370
1938-12;ITL I STROITEL'STVO IuGO-VOSTOChNOI GAVANI;55.503273;36.078246;31415
1938-12;KARAGANDINSKII ITL;49.670690;72.680507;37590
1938-12;KARGOPOL'SKII ITL;61.505400;38.947214;22643
1938-12;KOTLASSKII PERESYL'NO-PEREVALOChNYI;61.252970;46.633217;19589
1938-12;KRASNOIaRSKII ITL;56.166747;97.218061;12578
1938-12;KULOISKII ITL;64.539393;40.516939;10464
1938-12;LIKOVSKII ITL I STROITEL'STVO 204;55.791952;37.409271;16364
1938-12;LOKChIMSKII ITL;63.560972;53.677285;22589
1938-12;LUZhSKII ITL I STROITEL'STVO 200;60.004928;30.440464;35973
1938-12;NOVO-TAMBOVSKII ITL;50.549923;137.007912;15000
1938-12;NORIL'SKII ITL;69.349039;88.201014;9743
1938-12;ONEZhSKII ITL;62.708819;40.295226;15042
1938-12;PRORVINSKII ITL;46.347869;48.033574;29080
1938-12;RAIChIKhINSKII ITL;49.794114;129.411255;45977
1938-12;SAMARSKII ITL I STROITEL'STVO;53.184283;50.201397;33497
1938-12;SEVERNYI ZhELEZNODOROZhNYI ITL;62.602833;50.853431;27302
1938-12;SEVERO-VOSTOChNYI ITL;64.350757;154.599288;114455
1938-12;SEVERO-URAL'SKII ITL;59.174400;61.849376;22767
1938-12;SIBIRSKII ITL;56.209250;87.735094;45838
1938-12;SOROKSKII ITL;63.728997;39.638018;17409
1938-12;SREDNEAZIATSKII ITL;41.311178;69.279701;35420
1938-12;STROITEL'STVO 211 I ITL;49.312270;28.480826;1911
1938-12;TAIShETSKII ITL GULAGA;55.940513;98.003044;14474
1938-12;TEMNIKOVSKII ITL;54.391243;42.660139;21797
1938-12;TOMSKO-ASINSKII ITL;56.990797;86.176508;11501
1938-12;UNZhENSKII ITL;57.046416;44.890180;15857
1938-12;USOL'SKII ITL;59.648333;56.771029;21730
1938-12;UST'VYMSKII ITL;62.845101;51.327355;8598
1938-12;UKhTO-IZhEMSKII ITL;63.556478;53.701413;28729
1938-12;ShOSDORLAG;48.472584;135.057732;38838
1938-12;IuGO-VOSTOChNYI ITL;48.561245;134.480852;28242
1938-12;IuZhNYI ITL;51.833507;107.584125;31924
1938-12;IaGRINSKII ITL I STROITEL'STVO 203;64.558186;39.829620;17984
